{
"circle" : {
  "cv_pos" : "circle",
  "degree" : 0,
  "periodic" : 0
},

"square" : {
  "cv_pos" : [[1, 0, 1], [-1, 0, 1], [-1, 0, -1], [1, 0, -1], [1, 0, 1]],
  "degree" : 1,
  "periodic" : 0
},

"round square" : {
  "cv_pos" :   [[-1.0101170637043497, -5.8883435479338695e-18, -0.4459646831752544], [-1.0101170637043497, -3.4191051606271227e-16, 0.4459646831752544], [-1.0028828703206056, -1.763148671216159e-15, 0.6947365818484654], [-0.8883010491865032, 2.0990151058461167e-16, 0.8881602903747777], [-0.6935122446205673, -1.8447433411513057e-15, 1.0023196543673891], [-0.2887123235918776, 3.3013382896684465e-16, 1.0101170637043493], [0.2887123235918776, 1.0611904729032563e-16, 1.0101170637043495], [0.693512244620566, 1.5789398581486943e-15, 1.0023196543673905], [0.8883010491865028, -8.569544338913043e-16, 0.8881602903747781], [1.0028828703206067, 1.6022992116439632e-15, 0.6947365818484643], [1.0101170637043497, -2.299031252244528e-16, 0.4459646831752544], [1.01011706370435, -5.8883435479338695e-18, -0.4459646831752544], [1.0028828703206067, 1.3288543407901952e-15, -0.6947365818484635], [0.888301049186503, -5.435301699475372e-16, -0.8881602903747777], [0.6935122446205668, 1.5160784215579323e-15, -1.0023196543673902], [0.2887123235918776, 1.0611904729032563e-16, -1.01011706370435], [-0.2887123235918776, -1.1789573438619335e-16, -1.0101170637043497], [-0.693512244620571, -1.6963459560770115e-15, -1.0023196543673873], [-0.8883010491865029, 6.339189251303829e-16, -0.8881602903747778], [-1.0028828703206043, -1.7197053095722255e-15, -0.6947365818484675], [-1.0101170637043497, -5.8883435479338695e-18, -0.4459646831752544], [-1.0101170637043497, -5.8883435479338695e-18, -0.4459646831752544]],
  "degree" : 3,
  "periodic" : 0
},

"box" : {
  "cv_pos" : [[0.5, 0.5, 0.5], [0.5, 0.5, -0.5], [-0.5, 0.5, -0.5], [-0.5, -0.5, -0.5], [0.5, -0.5, -0.5], [0.5, 0.5, -0.5], [-0.5, 0.5, -0.5], [-0.5, 0.5, 0.5], [0.5, 0.5, 0.5], [0.5, -0.5, 0.5], [0.5, -0.5, -0.5], [-0.5, -0.5, -0.5], [-0.5, -0.5, 0.5], [0.5, -0.5, 0.5], [-0.5, -0.5, 0.5], [-0.5, 0.5, 0.5]],
  "degree" : 1,
  "periodic" : 0
},

"box on floor" : {
"cv_pos" : [[0.5, 1.0, 0.5], [0.5, 1.0, -0.5], [-0.5, 1.0, -0.5], [-0.5, 0.0, -0.5], [0.5, 0.0, -0.5], [0.5, 1.0, -0.5], [-0.5, 1.0, -0.5], [-0.5, 1.0, 0.5], [0.5, 1.0, 0.5], [0.5, 0.0, 0.5], [0.5, 0.0, -0.5], [-0.5, 0.0, -0.5], [-0.5, 0.0, 0.5], [0.5, 0.0, 0.5], [-0.5, 0.0, 0.5], [-0.5, 1.0, 0.5]],
"degree" : 1,
"periodic" : 0
},

"sphere" : {
  "cv_pos" : [[-1.0, 0.0, 0.0], [-0.95, 0.31, 0.0], [-0.81, 0.59, 0.0], [-0.59, 0.81, 0.0], [-0.31, 0.95, 0.0], [0.0, 1.0, 0.0], [0.31, 0.95, 0.0], [0.59, 0.81, 0.0], [0.81, 0.59, 0.0], [0.95, 0.31, 0.0], [1.0, 0.0, 0.0], [0.95, -0.31, 0.0], [0.81, -0.59, 0.0], [0.59, -0.81, 0.0], [0.31, -0.95, 0.0], [0.0, -1.0, 0.0], [-0.31, -0.95, 0.0], [-0.59, -0.81, 0.0], [-0.81, -0.59, 0.0], [-0.95, -0.31, 0.0], [-1.0, 0.0, 0.0], [-0.95, 0.0, 0.31], [-0.81, 0.0, 0.59], [-0.59, 0.0, 0.81], [-0.31, 0.0, 0.95], [0.0, 0.0, 1.0], [0.31, 0.0, 0.95], [0.59, 0.0, 0.81], [0.81, 0.0, 0.59], [0.95, 0.0, 0.31], [1.0, 0.0, 0.0], [0.95, 0.0, -0.31], [0.81, 0.0, -0.59], [0.59, 0.0, -0.81], [0.31, 0.0, -0.95], [0.0, 0.0, -1.0], [0.0, 0.31, -0.95], [0.0, 0.59, -0.81], [0.0, 0.81, -0.59], [0.0, 0.95, -0.31], [0.0, 1.0, 0.0], [0.0, 0.95, 0.31], [0.0, 0.81, 0.59], [0.0, 0.59, 0.81], [0.0, 0.31, 0.95], [0.0, 0.0, 1.0], [0.0, -0.31, 0.95], [0.0, -0.59, 0.81], [0.0, -0.81, 0.59], [0.0, -0.95, 0.31], [0.0, -1.0, 0.0], [0.0, -0.95, -0.31], [0.0, -0.81, -0.59], [0.0, -0.59, -0.81], [0.0, -0.31, -0.95], [0.0, 0.0, -1.0], [-0.31, 0.0, -0.95], [-0.59, 0.0, -0.81], [-0.81, 0.0, -0.59], [-0.95, 0.0, -0.31], [-1.0, 0.0, 0.0]],
  "degree" : 1,
  "periodic" : 0
},

"triangle" : {
  "cv_pos" : [[1.0, 0.0, 0.6941531921714397], [-1.0, 0.0, 0.6941531921714397], [-9.999999747378752e-06, 0.0, -1.3058468078285603], [9.999999747378752e-06, 0.0, -1.3058468078285603], [1.0, 0.0, 0.6941531921714397]],
  "degree" : 1,
  "periodic" : 0
},

"arrow" : {
  "cv_pos" : [[0.0, 0.0, -1.32], [0.99, 0.0, 0.0], [0.53, 0.0, 0.0], [0.53, 0.0, 0.99], [-0.53, 0.0, 0.99], [-0.53, 0.0, 0.0], [-0.99, 0.0, 0.0], [0.0, 0.0, -1.32]],
  "degree" : 1,
  "periodic" : 0
},

"double arrow" : {
  "cv_pos" : [
    [0.0, 0.0, -2.3100000095367434],
    [0.99, 0.0, -0.9900000095367432],
    [0.53, 0.0, -0.9900000095367432],
    [0.53, 0.0, 0.9900000095367432],
    [0.99, 0.0, 0.9900000095367432],
    [0.0, 0.0, 2.3100000095367434],
    [-0.99, 0.0, 0.9900000095367432],
    [-0.53, 0.0, 0.9900000095367432],
    [-0.53, 0.0, -0.9900000095367432],
    [-0.99, 0.0, -0.9900000095367432],
    [0.0, 0.0, -2.3100000095367434]

    ],
  "degree" : 1,
  "periodic" : 0
},

"circle and arrow" : {
  "cv_pos" : [[1.225337491246092, 0.0, -3.020342328276956e-30], [1.225337491246092, 0.0, -0.45670018377289623], [1.7279393898925086, 0.0, -3.020342328276956e-30], [1.225337491246092, 0.0, 0.45670018377289623], [1.225337491246092, 0.0, -3.020342328276956e-30], [0.985210389279554, 0.0, 0.0], [0.9585385051247406, 0.0, 0.2667188415481277], [0.8518509685054882, 0.0, 0.5067657989414422], [0.691819663576614, 0.0, 0.6934689880251313], [0.5051164744929262, 0.0, 0.8535002929540078], [0.2650695170996106, 0.0, 0.9601878295732587], [-0.001649324448517237, 0.0, 0.986859713728071], [-0.26836816599664687, 0.0, 0.9601878295732587], [-0.5084151233899608, 0.0, 0.8535002929540078], [-0.7217901966284588, 0.0, 0.6934689880251313], [-0.8818215015573367, 0.0, 0.5067657989414422], [-0.9618371540217774, 0.0, 0.2667188415481277], [-1.0151809223314023, 0.0, 0.0], [-0.9618371540217774, 0.0, -0.2667188415481277], [-0.8818215015573367, 0.0, -0.5067657989414422], [-0.7217901966284588, 0.0, -0.6934689880251313], [-0.5084151233899608, 0.0, -0.8535002929540078], [-0.26836816599664687, 0.0, -0.9601878295732587], [-0.001649324448517237, 0.0, -0.986859713728071], [0.2650695170996106, 0.0, -0.9601878295732587], [0.5051164744929262, 0.0, -0.8535002929540078], [0.691819663576614, 0.0, -0.6934689880251313], [0.8518509685054882, 0.0, -0.5067657989414422], [0.9585385051247406, 0.0, -0.2667188415481277], [0.985210389279554, 0.0, 0.0]],
  "degree" : 1,
  "periodic" : 0
},

"arrow pointing at" : {
  "cv_pos" : [[-0.75, 0.0, 0.0], [-0.75, 0.0, -0.37], [0.0, 0.0, 0.0], [-0.75, 0.0, 0.37], [-0.75, 0.0, 0.0], [-2.62, 0.0, 0.0], [-2.63, 0.0, 0.1], [-2.67, 0.0, 0.19], [-2.73, 0.0, 0.26], [-2.8, 0.0, 0.32], [-2.89, 0.0, 0.36], [-2.99, 0.0, 0.37], [-3.09, 0.0, 0.36], [-3.18, 0.0, 0.32], [-3.26, 0.0, 0.26], [-3.32, 0.0, 0.19], [-3.35, 0.0, 0.1], [-3.37, 0.0, 0.0], [-3.35, 0.0, -0.1], [-3.32, 0.0, -0.19], [-3.26, 0.0, -0.26], [-3.18, 0.0, -0.32], [-3.09, 0.0, -0.36], [-2.99, 0.0, -0.37], [-2.89, 0.0, -0.36], [-2.8, 0.0, -0.32], [-2.73, 0.0, -0.26], [-2.67, 0.0, -0.19], [-2.63, 0.0, -0.1], [-2.62, 0.0, 0.0]],
  "degree" : 1,
  "periodic" : 0
},