{
"circle" : {
  "cv_pos" : "circle",
  "degree" : 0,
  "periodic" : 0
},

"square" : {
  "cv_pos" : [[1, 0, 1], [-1, 0, 1], [-1, 0, -1], [1, 0, -1], [1, 0, 1]],
  "degree" : 1,
  "periodic" : 0
},
"round square" : {
  "cv_pos" :   [[-1.0101170637043497, -5.8883435479338695e-18, -0.4459646831752544], [-1.0101170637043497, -3.4191051606271227e-16, 0.4459646831752544], [-1.0028828703206056, -1.763148671216159e-15, 0.6947365818484654], [-0.8883010491865032, 2.0990151058461167e-16, 0.8881602903747777], [-0.6935122446205673, -1.8447433411513057e-15, 1.0023196543673891], [-0.2887123235918776, 3.3013382896684465e-16, 1.0101170637043493], [0.2887123235918776, 1.0611904729032563e-16, 1.0101170637043495], [0.693512244620566, 1.5789398581486943e-15, 1.0023196543673905], [0.8883010491865028, -8.569544338913043e-16, 0.8881602903747781], [1.0028828703206067, 1.6022992116439632e-15, 0.6947365818484643], [1.0101170637043497, -2.299031252244528e-16, 0.4459646831752544], [1.01011706370435, -5.8883435479338695e-18, -0.4459646831752544], [1.0028828703206067, 1.3288543407901952e-15, -0.6947365818484635], [0.888301049186503, -5.435301699475372e-16, -0.8881602903747777], [0.6935122446205668, 1.5160784215579323e-15, -1.0023196543673902], [0.2887123235918776, 1.0611904729032563e-16, -1.01011706370435], [-0.2887123235918776, -1.1789573438619335e-16, -1.0101170637043497], [-0.693512244620571, -1.6963459560770115e-15, -1.0023196543673873], [-0.8883010491865029, 6.339189251303829e-16, -0.8881602903747778], [-1.0028828703206043, -1.7197053095722255e-15, -0.6947365818484675], [-1.0101170637043497, -5.8883435479338695e-18, -0.4459646831752544], [-1.0101170637043497, -5.8883435479338695e-18, -0.4459646831752544]],
  "degree" : 3,
  "periodic" : 0
},

"box" : {
  "cv_pos" : [[0.5, 0.5, 0.5], [0.5, 0.5, -0.5], [-0.5, 0.5, -0.5], [-0.5, -0.5, -0.5], [0.5, -0.5, -0.5], [0.5, 0.5, -0.5], [-0.5, 0.5, -0.5], [-0.5, 0.5, 0.5], [0.5, 0.5, 0.5], [0.5, -0.5, 0.5], [0.5, -0.5, -0.5], [-0.5, -0.5, -0.5], [-0.5, -0.5, 0.5], [0.5, -0.5, 0.5], [-0.5, -0.5, 0.5], [-0.5, 0.5, 0.5]],
  "degree" : 1,
  "periodic" : 0
},

"sphere" : {
  "cv_pos" : [[-1.0, 0.0, 0.0], [-0.95, 0.31, 0.0], [-0.81, 0.59, 0.0], [-0.59, 0.81, 0.0], [-0.31, 0.95, 0.0], [0.0, 1.0, 0.0], [0.31, 0.95, 0.0], [0.59, 0.81, 0.0], [0.81, 0.59, 0.0], [0.95, 0.31, 0.0], [1.0, 0.0, 0.0], [0.95, -0.31, 0.0], [0.81, -0.59, 0.0], [0.59, -0.81, 0.0], [0.31, -0.95, 0.0], [0.0, -1.0, 0.0], [-0.31, -0.95, 0.0], [-0.59, -0.81, 0.0], [-0.81, -0.59, 0.0], [-0.95, -0.31, 0.0], [-1.0, 0.0, 0.0], [-0.95, 0.0, 0.31], [-0.81, 0.0, 0.59], [-0.59, 0.0, 0.81], [-0.31, 0.0, 0.95], [0.0, 0.0, 1.0], [0.31, 0.0, 0.95], [0.59, 0.0, 0.81], [0.81, 0.0, 0.59], [0.95, 0.0, 0.31], [1.0, 0.0, 0.0], [0.95, 0.0, -0.31], [0.81, 0.0, -0.59], [0.59, 0.0, -0.81], [0.31, 0.0, -0.95], [0.0, 0.0, -1.0], [0.0, 0.31, -0.95], [0.0, 0.59, -0.81], [0.0, 0.81, -0.59], [0.0, 0.95, -0.31], [0.0, 1.0, 0.0], [0.0, 0.95, 0.31], [0.0, 0.81, 0.59], [0.0, 0.59, 0.81], [0.0, 0.31, 0.95], [0.0, 0.0, 1.0], [0.0, -0.31, 0.95], [0.0, -0.59, 0.81], [0.0, -0.81, 0.59], [0.0, -0.95, 0.31], [0.0, -1.0, 0.0], [0.0, -0.95, -0.31], [0.0, -0.81, -0.59], [0.0, -0.59, -0.81], [0.0, -0.31, -0.95], [0.0, 0.0, -1.0], [-0.31, 0.0, -0.95], [-0.59, 0.0, -0.81], [-0.81, 0.0, -0.59], [-0.95, 0.0, -0.31], [-1.0, 0.0, 0.0]],
  "degree" : 1,
  "periodic" : 0
},
"triangle" : {
  "cv_pos" : [[1.0, 0.0, 0.6941531921714397], [-1.0, 0.0, 0.6941531921714397], [-9.999999747378752e-06, 0.0, -1.3058468078285603], [9.999999747378752e-06, 0.0, -1.3058468078285603], [1.0, 0.0, 0.6941531921714397]],
  "degree" : 1,
  "periodic" : 0
},

"arrow" : {
  "cv_pos" : [[0.0, 0.0, -1.32], [0.99, 0.0, 0.0], [0.53, 0.0, 0.0], [0.53, 0.0, 0.99], [-0.53, 0.0, 0.99], [-0.53, 0.0, 0.0], [-0.99, 0.0, 0.0], [0.0, 0.0, -1.32]],
  "degree" : 1,
  "periodic" : 0
},
"double arrow" : {
  "cv_pos" : [
    [0.0, 0.0, -2.3100000095367434],
    [0.99, 0.0, -0.9900000095367432],
    [0.53, 0.0, -0.9900000095367432],
    [0.53, 0.0, 0.9900000095367432],
    [0.99, 0.0, 0.9900000095367432],
    [0.0, 0.0, 2.3100000095367434],
    [-0.99, 0.0, 0.9900000095367432],
    [-0.53, 0.0, 0.9900000095367432],
    [-0.53, 0.0, -0.9900000095367432],
    [-0.99, 0.0, -0.9900000095367432],
    [0.0, 0.0, -2.3100000095367434]

    ],
  "degree" : 1,
  "periodic" : 0
},

"circle and arrow" : {
  "cv_pos" : [[1.8284911396267787, 0.0, -4.507059667518961e-30], [1.8284911396267787, 0.0, -0.6815038676776679], [2.5784911396267787, 0.0, -4.507059667518961e-30], [1.8284911396267787, 0.0, 0.6815038676776679], [1.8284911396267787, 0.0, -4.507059667518961e-30], [1.4701651425306124, 0.0, 0.0], [1.430364431132618, 0.0, 0.39800711397993443], [1.2711615855406424, 0.0, 0.7562135165618747], [1.0323573171526852, 0.0, 1.0348184963478284], [0.7537523373667336, 0.0, 1.2736227647357887], [0.3955459347847916, 0.0, 1.4328256103277623], [-0.002461179195142993, 0.0, 1.4726263217257551], [-0.40046829317508026, 0.0, 1.4328256103277623], [-0.7586746957570196, 0.0, 1.2736227647357887], [-1.077080386940961, 0.0, 1.0348184963478284], [-1.3158846553289236, 0.0, 0.7562135165618747], [-1.4352867895229076, 0.0, 0.39800711397993443], [-1.5148882123188936, 0.0, 0.0], [-1.4352867895229076, 0.0, -0.39800711397993443], [-1.3158846553289236, 0.0, -0.7562135165618747], [-1.077080386940961, 0.0, -1.0348184963478284], [-0.7586746957570196, 0.0, -1.2736227647357887], [-0.40046829317508026, 0.0, -1.4328256103277623], [-0.002461179195142993, 0.0, -1.4726263217257551], [0.3955459347847916, 0.0, -1.4328256103277623], [0.7537523373667336, 0.0, -1.2736227647357887], [1.0323573171526852, 0.0, -1.0348184963478284], [1.2711615855406424, 0.0, -0.7562135165618747], [1.430364431132618, 0.0, -0.39800711397993443], [1.4701651425306124, 0.0, 0.0]],
  "degree" : 1,
  "periodic" : 0
},

"arrow pointing at" : {
  "cv_pos" : [[-0.75, 0.0, 0.0], [-0.75, 0.0, -0.37], [0.0, 0.0, 0.0], [-0.75, 0.0, 0.37], [-0.75, 0.0, 0.0], [-2.62, 0.0, 0.0], [-2.63, 0.0, 0.1], [-2.67, 0.0, 0.19], [-2.73, 0.0, 0.26], [-2.8, 0.0, 0.32], [-2.89, 0.0, 0.36], [-2.99, 0.0, 0.37], [-3.09, 0.0, 0.36], [-3.18, 0.0, 0.32], [-3.26, 0.0, 0.26], [-3.32, 0.0, 0.19], [-3.35, 0.0, 0.1], [-3.37, 0.0, 0.0], [-3.35, 0.0, -0.1], [-3.32, 0.0, -0.19], [-3.26, 0.0, -0.26], [-3.18, 0.0, -0.32], [-3.09, 0.0, -0.36], [-2.99, 0.0, -0.37], [-2.89, 0.0, -0.36], [-2.8, 0.0, -0.32], [-2.73, 0.0, -0.26], [-2.67, 0.0, -0.19], [-2.63, 0.0, -0.1], [-2.62, 0.0, 0.0]],
  "degree" : 1,
  "periodic" : 0
},