{
    "blue" : [0, 0, 250],
    "sky blue" : [70, 150, 250],
    "green" : [0, 250, 0],
    "dark green" : [10, 130, 20],
    "yellow" : [200, 200, 10],
    "orange" : [180, 130, 30],
    "redish" : [250, 100, 50],
    "red" : [250, 0, 0],
    "pink" : [200, 50, 150],
    "lila" :[150, 20, 145],
    "purple" : [100, 50, 200],
    "grey blue" : [0.0, 65.02499878406525, 153.00000607967377],
    "grey red" : [155.0399950146675, 0.0, 40.03500133752823],
    "less pinky" : [199.91999477148056, 0.0, 199.91999477148056]
}